dist_id,ladder,n_runs,fidelity_mean,fidelity_std,tv_mean,tv_std,fidelity_max,p_mann_whitney,abs_rank_biserial
D0,A,25,0.954,0.013,0.163,0.029,0.984,0.0002,0.61
D0,B,25,0.970,0.014,0.139,0.033,0.987,0.0002,0.61
D1,A,25,0.908,0.019,0.268,0.030,0.947,0.801,0.04
D1,B,25,0.909,0.017,0.267,0.023,0.934,0.801,0.04
D2,A,25,0.950,0.017,0.140,0.026,0.972,0.112,0.26
D2,B,25,0.957,0.021,0.127,0.039,0.982,0.112,0.26
D3,A,25,0.859,0.038,0.335,0.055,0.920,0.014,0.41
D3,B,25,0.883,0.018,0.303,0.028,0.929,0.014,0.41
D4,A,25,0.882,0.044,0.290,0.055,0.934,0.846,0.03
D4,B,25,0.882,0.029,0.293,0.040,0.915,0.846,0.03
D5,A,25,0.951,0.012,0.115,0.031,0.971,0.002,0.51
D5,B,25,0.934,0.021,0.144,0.038,0.965,0.002,0.51
D6,A,25,0.950,0.015,0.198,0.033,0.979,0.001,0.93
D6,B,25,0.979,0.007,0.108,0.019,0.989,0.001,0.93
