dist_id,stage,n_runs,fidelity_mean,fidelity_std,tv_mean
D0,L0,25,0.538,0.056,0.649
D0,L01,25,0.825,0.034,0.363
D0,FULL,50,0.962,0.016,0.151
D1,L0,25,0.486,0.059,0.651
D1,L01,25,0.772,0.029,0.385
D1,FULL,50,0.909,0.018,0.267
D2,L0,25,0.688,0.024,0.477
D2,L01,25,0.863,0.018,0.268
D2,FULL,50,0.953,0.020,0.134
D3,L0,25,0.462,0.023,0.502
D3,L01,25,0.640,0.040,0.411
D3,FULL,50,0.871,0.032,0.319
D4,L0,25,0.497,0.045,0.541
D4,L01,25,0.737,0.030,0.398
D4,FULL,50,0.882,0.038,0.291
D5,L0,25,0.426,0.031,0.694
D5,L01,25,0.657,0.022,0.500
D5,FULL,50,0.943,0.020,0.130
D6,L0,25,0.400,0.059,0.745
D6,L01,25,0.912,0.013,0.229
D6,FULL,50,0.964,0.019,0.153
