dist_id,ladder,hs,contrast,max_ucry,mean_ucry,ucry_range,l1_dev,t0_dev,n_runs,fidelity_mean,fidelity_std,fidelity_max,tv_mean,tv_std,l2_mean,l2_std
D0,A,3.0,1.0,0.0,0.0,0.0,0.0,0.0,25,0.9537962497564478,0.013642962149105268,0.9836926295926974,0.16339058554426822,0.029577322979807502,0.14418366838998029,0.02234529051544064
D0,B,3.0,1.0,0.0,0.0,0.0,0.0,0.0,25,0.9697286741351586,0.013819261019739518,0.986853517425718,0.1392031839645609,0.03381349381122267,0.12095413530955636,0.026002294118535395
D1,A,2.8464393446710154,4.0,19.47122063449069,13.842215668114441,38.94244126898138,23.578178478201835,0.0,25,0.9079874856240547,0.018892707011196677,0.9472652172251348,0.2675814435821863,0.030665403102204655,0.20798300309344564,0.02161825127658034
D1,B,2.8464393446710154,4.0,19.47122063449069,13.842215668114441,38.94244126898138,23.578178478201835,0.0,25,0.9094021732197985,0.017013105584737256,0.9344440767411537,0.26726196871866376,0.023062568780710686,0.20886215541003342,0.01779879141311428
D2,A,2.445352968004624,35.0,29.999999999999993,16.73941184788707,20.40593177313952,27.818139284653917,44.42700400080571,25,0.9497765483735482,0.01754944203846315,0.9717212366057797,0.13993005264142172,0.02642211752667998,0.1213017724009449,0.020307205161005627
D2,B,2.445352968004624,35.0,29.999999999999993,16.73941184788707,20.40593177313952,27.818139284653917,44.42700400080571,25,0.9567012390864679,0.021830771345431953,0.9820511140316582,0.12733010928578753,0.03945719402001444,0.10693077809963109,0.03309806058548072
D3,A,2.019023154332829,20.0,51.05755873101862,31.29725888191705,102.11511746203723,53.13010235415598,0.0,25,0.8586737425235603,0.03891267354320224,0.9197188716068375,0.33499171591280286,0.05617303815672395,0.28907117739777605,0.045916564878530956
D3,B,2.019023154332829,20.0,51.05755873101862,31.29725888191705,102.11511746203723,53.13010235415598,0.0,25,0.8826516371922224,0.018393226077157338,0.9286337893330838,0.30340800204514506,0.028412980715106482,0.25936310801380696,0.02367948971165182
D4,A,2.439670667673048,15.5,26.222646504921684,25.79979001503699,52.445293009843354,46.05448043769118,0.0,25,0.8816019044929375,0.0450393614343849,0.9341625783098958,0.2901246922984987,0.055844531395995045,0.24044329089016464,0.0476828750713504
D4,B,2.439670667673048,15.5,26.222646504921684,25.79979001503699,52.445293009843354,46.05448043769118,0.0,25,0.8820570703759687,0.029202121440200048,0.9147783403244883,0.29273787432037496,0.04064694383986072,0.24123333088514656,0.03843318054943157
D5,A,2.3624805711117385,144.3498868218977,77.63463728260308,38.27981341996075,88.04778480704573,41.531824452159356,30.963191776177126,25,0.9513878113937284,0.01241232918456661,0.9714480838449311,0.11543304631032365,0.03127619733380579,0.0958512859741847,0.0242120721647193
D5,B,2.3624805711117385,144.3498868218977,77.63463728260308,38.27981341996075,88.04778480704573,41.531824452159356,30.963191776177126,25,0.933623595501775,0.021723776678455067,0.9645579020719655,0.14430935386617003,0.03875669618557254,0.11889345714319222,0.029857864242157733
D6,A,2.4116646288433126,19.1430120021486,55.97641270777435,25.17138509239126,45.07691889720268,35.775857207233614,16.215092060230276,25,0.9500055331731722,0.015529657224280338,0.9788379421658995,0.19780670067544256,0.03354329139989059,0.163575810314208,0.02528799376555915
D6,B,2.4116646288433126,19.1430120021486,55.97641270777435,25.17138509239126,45.07691889720268,35.775857207233614,16.215092060230276,25,0.9787227094131662,0.007427355919145272,0.9888416575960012,0.1077095443305047,0.01967880021865591,0.09487098910997727,0.016469650292349446
