dist_id,metric,n_A,n_B,mean_A,mean_B,std_A,std_B,U,p_value,r,significant_005,winner
D0,fidelity,25,25,0.9537962497564478,0.9697286741351586,0.01336731833816499,0.01354005524827814,122.0,0.0002273223850748163,0.6095999999999999,True,B
D0,tv,25,25,0.16339058554426822,0.1392031839645609,0.028979739703209464,0.03313032250330097,448.0,0.008808853238989799,-0.4336,True,A
D1,fidelity,25,25,0.9079874856240547,0.9094021732197985,0.01851099681493362,0.016669371049080436,299.0,0.8008578418954853,0.043200000000000016,False,B
D1,tv,25,25,0.2675814435821863,0.26726196871866376,0.03004583614286471,0.02259661026823296,320.0,0.8919636193705659,-0.02400000000000002,False,A
D2,fidelity,25,25,0.9497765483735483,0.9567012390864679,0.017194871305913365,0.0213897001950722,230.0,0.11160199172647282,0.264,False,B
D2,tv,25,25,0.13993005264142172,0.12733010928578753,0.025888282345685694,0.03865999681241245,416.0,0.04566317848485905,-0.33119999999999994,True,A
D3,fidelity,25,25,0.8586737425235604,0.8826516371922224,0.03812647788333768,0.01802160744507559,186.0,0.01449489234752063,0.40480000000000005,True,B
D3,tv,25,25,0.3349917159128028,0.3034080020451451,0.055038112314345355,0.02783892192941983,439.0,0.01449489234752063,-0.40480000000000005,True,A
D4,fidelity,25,25,0.8816019044929374,0.8820570703759685,0.04412938154201202,0.028612118774111475,323.0,0.8461535661468554,-0.033600000000000074,False,B
D4,tv,25,25,0.2901246922984987,0.2927378743203749,0.054716242738009215,0.03982570880448909,306.0,0.9073219836857066,0.02080000000000004,False,B
D5,fidelity,25,25,0.9513878113937284,0.933623595501775,0.012161549208657687,0.021284867259355238,473.0,0.0019062927884821437,-0.5136000000000001,True,A
D5,tv,25,25,0.11543304631032365,0.14430935386617,0.03064428982496795,0.03797365190828954,185.0,0.013733404308894272,0.40800000000000003,True,B
D6,fidelity,25,25,0.9500055331731722,0.9787227094131662,0.015215894431925338,0.007277292855978454,21.0,1.6400502409539076e-08,0.9328,True,B
D6,tv,25,25,0.19780670067544256,0.10770954433050471,0.032865579289287676,0.019281207714350806,618.0,3.2613906321195847e-09,-0.9776,True,A
