dist_id,stage,ladder,fid_sim_mean,fid_sim_std,tv_sim_mean,tv_sim_std,l2_sim_mean,l2_sim_std,fid_tgt_mean,fid_tgt_std,tv_tgt_mean,tv_tgt_std,l2_tgt_mean,l2_tgt_std,duration_s_mean,duration_s_std,n_runs,exp_000_mean,exp_001_mean,exp_010_mean,exp_011_mean,exp_100_mean,exp_101_mean,exp_110_mean,exp_111_mean,sim_000_mean,sim_001_mean,sim_010_mean,sim_011_mean,sim_100_mean,sim_101_mean,sim_110_mean,sim_111_mean
D0,FULL,A,0.9537962497785302,0.013642962163211154,0.16339058549749297,0.029577323006880304,0.14418366834997287,0.022345290535801646,0.9537962497564478,0.013642962149105268,0.16339058554426822,0.029577322979807502,0.14418366838998029,0.02234529051544064,126.08247999999999,0.7382519398326428,25,0.1760136459182565,0.16640076064977552,0.10659794118068026,0.07614738295113901,0.12347680550501142,0.06940607117575098,0.14287960848125306,0.1390777841381332,0.12500000007308623,0.12500000002436207,0.12500000002436207,0.12499999997563785,0.12500000002436207,0.12499999997563792,0.12499999997563792,0.12499999992691378
D0,FULL,B,0.9697286741158913,0.013819261022649078,0.13920318400646364,0.03381349382738353,0.12095413535515318,0.026002294120793655,0.9697286741351586,0.013819261019739518,0.1392031839645609,0.03381349381122267,0.12095413530955636,0.026002294118535395,126.10379999999999,2.78480276081928,25,0.125768650258631,0.11509559779237366,0.08021826046514391,0.08352524569698644,0.13742144750042098,0.10629316638375327,0.15305719880297108,0.19862043309971963,0.12500000007308623,0.12500000002436207,0.12500000002436207,0.12499999997563785,0.12500000002436207,0.12499999997563792,0.12499999997563792,0.12499999992691378
D0,L0,A,0.8980293931576553,0.03708189815624108,0.10145099821686697,0.037029250013542486,0.09155583260851775,0.030050121238934042,0.5380792440403631,0.05645852345578476,0.648549001783133,0.03702925001354249,0.5309897530462466,0.029725196776783272,121.87816000000001,1.842510146512088,25,0.46930577082060654,0.017570310503163548,0.02811503955745503,0.00891867179179968,0.4292432309625265,0.014581232856500093,0.019873282838573595,0.012392460669375004,0.5000000000974484,0.0,0.0,0.0,0.4999999999025517,0.0,0.0,0.0
D0,L01,A,0.8552436411796818,0.023508996849150025,0.16057992844678903,0.019985238904428607,0.13136658370025234,0.016775724039246518,0.825437609280091,0.03373042225435745,0.36348058590688126,0.024698603795020275,0.2717950447380475,0.020286844973167677,126.27,10.952412470166868,25,0.19575288795991533,0.022873271153493184,0.1692791723283072,0.03146764559442113,0.26723385910251873,0.03246422224935905,0.23121466651614,0.04971427509584534,0.25000000009744844,0.0,0.24999999999999992,0.0,0.24999999999999992,0.0,0.24999999990255165,0.0
D1,FULL,A,0.9079874856463954,0.018892707006560018,0.26758144355850194,0.030665403101545842,0.2079830030648681,0.021618251276567076,0.9079874856240547,0.018892707011196677,0.2675814435821863,0.030665403102204655,0.20798300309344564,0.02161825127658034,127.34564,4.2089880402934545,25,0.10389668078379952,0.1703777441198225,0.11978127403303283,0.08158674326344757,0.15441126566813496,0.08006576742116983,0.1717455664339407,0.11813495827665207,0.050000000045292765,0.10000000004029717,0.15000000004191982,0.1999999999699385,0.20000000001053,0.1499999999542136,0.09999999996933852,0.04999999996846967
D1,FULL,B,0.9094021732234766,0.01701310557991551,0.2672619686952657,0.023062568780710703,0.2088621554004716,0.01779879141174288,0.9094021732197985,0.017013105584737256,0.26726196871866376,0.023062568780710686,0.20886215541003342,0.01779879141311428,126.8688,3.1369322062592735,25,0.09301524369449429,0.14975977728692527,0.10162902008216039,0.08863681582845945,0.15129873523222964,0.09117346013848675,0.17830298892588484,0.1461839588113594,0.05000000004529276,0.10000000004029715,0.15000000004191988,0.1999999999699385,0.20000000001052992,0.1499999999542136,0.0999999999693385,0.04999999996846965
D1,L0,A,0.9008887656998845,0.039351414177955214,0.09912533215079047,0.038903214573035805,0.08907647690645443,0.031484123456731454,0.4856884227962869,0.05890865964487442,0.6512461109930449,0.039413931730714565,0.5599311658376426,0.03136575938358706,122.46572,2.9837385598160777,25,0.46589051151660565,0.013560542702842954,0.03383283508995199,0.006216806095377218,0.4353555994764393,0.01578653034255447,0.019133118338344593,0.010224056437883853,0.5000000000974484,0.0,0.0,0.0,0.4999999999025517,0.0,0.0,0.0
D1,L01,A,0.857190232213873,0.02759282903646886,0.15026197376095202,0.03593944355851209,0.1365733520483417,0.039802421749063434,0.7721696870675886,0.028973938209893024,0.38518523970954105,0.016223976882089194,0.3093154425298968,0.016461314642799048,124.59376,4.243465155192554,25,0.1451316716790957,0.020350870654860184,0.25282687000035475,0.019997067578091134,0.32903148275800365,0.02626852209950341,0.1374270853405973,0.06896642988949397,0.15000000008559006,0.0,0.35000000001185827,0.0,0.3499999999647435,0.0,0.14999999993780816,0.0
D2,FULL,A,0.9497765483678984,0.017549442040755123,0.13993005263513672,0.02642211755951587,0.12130177240635322,0.020307205192236506,0.9497765483735482,0.01754944203846315,0.13993005264142172,0.02642211752667998,0.1213017724009449,0.020307205161005627,125.78252,1.2233706892570737,25,0.3241888535632451,0.23734518568559657,0.153277393916215,0.052990423807874866,0.06776734080227949,0.037485281162592886,0.07481090595993066,0.05213461510226544,0.3500000000981519,0.24999999998181327,0.1499999999939743,0.09999999996129953,0.06999999999773841,0.039999999985351455,0.029999999988503778,0.009999999993167303
D2,FULL,B,0.9567012390741664,0.021830771350633077,0.12733010930452657,0.039457194033154744,0.10693077811237486,0.033098060599993186,0.9567012390864679,0.021830771345431953,0.12733010928578753,0.03945719402001444,0.10693077809963109,0.03309806058548072,126.24807999999999,2.1325634402443128,25,0.3219468110222723,0.20946440945062464,0.13671192745743432,0.07130880223850536,0.08036411862208488,0.04173679311514124,0.08924868477806652,0.049218453315870755,0.35000000009815196,0.2499999999818134,0.14999999999397431,0.0999999999612995,0.06999999999773837,0.039999999985351475,0.02999999998850378,0.009999999993167304
D2,L0,A,0.8963325210144885,0.018565124291944582,0.10759737809935384,0.019147995589768717,0.11515495518977716,0.020171455786711517,0.6882332045283038,0.02368994477356666,0.477347455330997,0.01865096508557457,0.49414747146879046,0.015496894831934364,121.66680000000001,2.631558362770366,25,0.7486652196948412,0.01208235279983892,0.020700508116521524,0.036490956426516535,0.14841946161391553,0.014842430795085732,0.013461055522610944,0.005338015030669492,0.8500000000352391,0.0,0.0,0.0,0.14999999996476093,0.0,0.0,0.0
D2,L01,A,0.8290054356277523,0.017284704074060842,0.19775694576210295,0.03331126374616594,0.17017537844910915,0.027372226658194707,0.8628540959793167,0.01752026530762209,0.26779574221625213,0.012960766465236185,0.2766273713692544,0.01856838321244202,122.76004,2.135462215384134,25,0.49796987291508393,0.034968562959775656,0.15586422646402953,0.06725160970820145,0.1330386071233176,0.02423202624956998,0.05451411207089178,0.032160982509130014,0.6000000000799652,0.0,0.24999999995527383,0.0,0.10999999998308985,0.0,0.03999999998167107,0.0
D3,FULL,A,0.8586737425705148,0.03891267354091464,0.33499171585797916,0.05617303816057865,0.28907117735158055,0.04591656488130348,0.8586737425235603,0.03891267354320224,0.33499171591280286,0.05617303815672395,0.28907117739777605,0.045916564878530956,123.99495999999999,6.702074196843838,25,0.06973268670350351,0.11839215300321611,0.07159070908876627,0.24270410620351832,0.22318544513843808,0.1261081156472879,0.10331766053821602,0.04496912367705385,0.020000000027880917,0.030000000028356566,0.050000000047777944,0.39999999999343283,0.3999999999446131,0.04999999997965975,0.029999999991129355,0.019999999987149554
D3,FULL,B,0.8826516372341174,0.01839322607110953,0.30340800198319107,0.028412980715106475,0.25936310796286394,0.023679489710260362,0.8826516371922224,0.018393226077157338,0.30340800204514506,0.028412980715106482,0.25936310801380696,0.02367948971165182,125.82616,2.52253711039765,25,0.053413333438806554,0.0987826543727472,0.08438760104167295,0.2762551111804651,0.2203368867743898,0.08201746112791546,0.1152588112695344,0.06954814079446851,0.020000000027880934,0.030000000028356552,0.050000000047777896,0.3999999999934329,0.3999999999446131,0.04999999997965967,0.029999999991129355,0.019999999987149564
D3,L0,A,0.9204605134601035,0.023931707063220963,0.07917046321987205,0.02396112515038085,0.0725519264241988,0.019497721145350116,0.4616580281235705,0.02277849580163536,0.501903497014604,0.021282577841682256,0.6049405593067005,0.015252109599566912,121.81752,2.8607748676422182,25,0.4732792385687117,0.01362395940026264,0.025488748824806694,0.006704961497707031,0.44755029821141634,0.009065947282182211,0.015105654833124366,0.009181191381789093,0.5000000000974484,0.0,0.0,0.0,0.4999999999025517,0.0,0.0,0.0
D3,L01,A,0.8991899981555476,0.029789615843887767,0.10087409840095667,0.03316600038157463,0.08349309404199817,0.032275710448658616,0.639548523018175,0.03981230569642698,0.4110645366368539,0.02260732733237457,0.5192688426702649,0.027442935651363385,123.38628,1.5416887256079506,25,0.042027064516738176,0.01701826612606518,0.41245542466938107,0.03195977325432201,0.41220050577414263,0.029737882587081054,0.03540879605813799,0.019192287014131906,0.0500000000562375,0.0,0.4500000000412108,0.0,0.44999999992427286,0.0,0.04999999997827893,0.0
D4,FULL,A,0.8816019045370526,0.04503936143254646,0.2901246922429903,0.05584453139039633,0.24044329084678162,0.04768287507313315,0.8816019044929375,0.0450393614343849,0.2901246922984987,0.055844531395995045,0.24044329089016464,0.0476828750713504,127.765,5.819488436853075,25,0.07991468937477209,0.13912496853733342,0.12329549387747685,0.16582979374159051,0.20059897108034622,0.0961358413086834,0.12062182214385536,0.07447841993594218,0.020000000026403574,0.05000000003835553,0.12000000005766528,0.30999999997502403,0.30999999997812266,0.11999999995458202,0.04999999998288754,0.019999999986959498
D4,FULL,B,0.8820570704031124,0.02920212143594542,0.292737874297996,0.040646943847751235,0.24123333085569268,0.03843318054959832,0.8820570703759687,0.029202121440200048,0.29273787432037496,0.04064694383986072,0.24123333088514656,0.03843318054943157,125.93816000000001,0.6341608418479774,25,0.06487724424456039,0.14901976389620075,0.08802728757587264,0.18236812687521362,0.19310413168443052,0.110634708036998,0.13820465927270945,0.07376407841401465,0.020000000026403574,0.05000000003835552,0.12000000005766523,0.309999999975024,0.3099999999781227,0.119999999954582,0.04999999998288753,0.019999999986959487
D4,L0,A,0.8706781128655348,0.039844397881641964,0.12899690503293393,0.03972542514509477,0.11227119813259527,0.033921397279101054,0.4969339893034556,0.045311286619011466,0.5411458434880427,0.03990290780203663,0.5527774767596025,0.024089107334141574,121.8838,2.860759499969661,25,0.4484822677360165,0.021269900852078704,0.040194689242841176,0.008081120096941898,0.42252082723104956,0.023458250024415775,0.027277129864875987,0.00871581495178036,0.5000000000974484,0.0,0.0,0.0,0.4999999999025517,0.0,0.0,0.0
D4,L01,A,0.8886139699177024,0.021778755713589917,0.1125828644198928,0.0227649363781631,0.0937916654302699,0.01963982539549074,0.7369907402845827,0.02970928577732944,0.39811570997546225,0.02261989828014105,0.40477024918604954,0.020961135487654634,123.52312,2.6457195668979456,25,0.0647688012366252,0.022475060253238675,0.3734250689871948,0.02499305620086259,0.39770883827773884,0.03755881526126052,0.054539569544329744,0.024530790238749572,0.07000000006475912,0.0,0.43000000003268934,0.0,0.42999999993270455,0.0,0.06999999996984699,0.0
D5,FULL,A,0.951387811430926,0.012412329183712078,0.11543304630906646,0.03127619735575293,0.0958512859725655,0.024212072181119686,0.9513878113937284,0.01241232918456661,0.11543304631032365,0.03127619733380579,0.0958512859741847,0.0242120721647193,127.0318,3.9790338442055657,25,0.18597540986944538,0.3011753807914744,0.04270368811344806,0.20260917221152838,0.021200627975439243,0.07372500669234902,0.11756697224242067,0.05504374210389489,0.21379601706300183,0.3402380203219799,0.002357036980835589,0.2008525773007495,0.004361784199429865,0.03653829733348458,0.11917037256578512,0.08268589423473366
D5,FULL,B,0.933623595545797,0.021723776677240507,0.14430935386653854,0.03875669619655488,0.1188934571345647,0.029857864257892518,0.933623595501775,0.021723776678455067,0.14430935386617003,0.03875669618557254,0.11889345714319222,0.029857864242157733,127.76440000000001,5.952677289813943,25,0.18887898499112152,0.2918362652501634,0.03480564237626572,0.22304789772436406,0.038958215547893874,0.08428217586695481,0.09335095137568589,0.04483986686755068,0.21379601706300172,0.3402380203219801,0.0023570369808355906,0.20085257730074954,0.0043617841994298655,0.0365382973334846,0.11917037256578515,0.08268589423473363
D5,L0,A,0.883582831852677,0.021198082010593262,0.11650821104941357,0.02136365119489894,0.11748193437936807,0.02793032174184201,0.4255742291514105,0.031229126093761845,0.6937357640182643,0.017223306307717304,0.6305530447999438,0.021810099389335043,122.20244000000001,2.7535292668379827,25,0.6553205882784333,0.01811194506896775,0.02994464917756131,0.02725887995623104,0.22894243129696654,0.01635443318080804,0.016309857335587586,0.007757215705444442,0.7572436516665668,0.0,0.0,0.0,0.24275634833343326,0.0,0.0,0.0
D5,L01,A,0.8241462257503605,0.016271670262661093,0.1820110499308715,0.01927226449513996,0.1469626908339327,0.012840749067502126,0.6572345582688085,0.021821490715377177,0.499977975705548,0.014392237665889564,0.46336212797501153,0.01820156507288664,124.33684,3.1058284010335564,25,0.5083718296737232,0.048505497029300425,0.10813529379254773,0.049845750516652014,0.05995906431854428,0.03385739678693339,0.16058174506994308,0.030743422812355866,0.5540340373849817,0.0,0.20320961428158515,0.0,0.040900081532914426,0.0,0.20185626680051869,0.0
D6,FULL,A,0.9500055332102519,0.015529657224106498,0.19780670059088176,0.03354329139828562,0.16357581021972656,0.025287993763205653,0.9500055331731722,0.015529657224280338,0.19780670067544256,0.03354329139989059,0.163575810314208,0.02528799376555915,126.57488,3.161758270329973,25,0.10441009380119734,0.04741522948809336,0.10957952809774278,0.08635825334497069,0.14131252726504667,0.09965856358767965,0.3400964294584131,0.07116937495685641,0.051531447553190605,0.023316200042064663,0.16976016903537233,0.11577016167351567,0.09106282630284275,0.06043527135632056,0.4463422968404645,0.04178162719622896
D6,FULL,B,0.9787227094187037,0.0074273559232645526,0.10770954425767151,0.01967880022333376,0.09487098908493131,0.0164696502973758,0.9787227094131662,0.007427355919145272,0.1077095443305047,0.01967880021865591,0.09487098910997727,0.016469650292349446,126.50936,3.1469213378581076,25,0.06695233544093754,0.03795098243905156,0.10218871069299006,0.10889850982489818,0.12424182844913786,0.08021258857040539,0.41693942821296626,0.06261561636961317,0.051531447553190585,0.02331620004206466,0.16976016903537225,0.11577016167351559,0.09106282630284278,0.06043527135632056,0.4463422968404646,0.041781627196228965
D6,L0,A,0.8763690564979632,0.04109610625193508,0.12303592513427551,0.04085534931748463,0.12095472245540001,0.0383735280253359,0.3999523218622089,0.058929964071515004,0.7448123849174278,0.03122587680812448,0.7012026560591582,0.03587169466101882,122.40824,1.3583204175255075,25,0.34024301253417066,0.029953855289851415,0.024129519360988897,0.00546424435867179,0.5369630780544278,0.01704642061135469,0.03085976171388698,0.015340108076647804,0.36037797830414325,0.0,0.0,0.0,0.6396220216958568,0.0,0.0,0.0
D6,L01,A,0.8872506569521643,0.010477214869392822,0.17376066910718665,0.025205607418183135,0.16376647013160903,0.03024379332232737,0.911710732345237,0.013300439180960261,0.2292181472006785,0.0330203430573642,0.2076632503883851,0.02890672794715838,123.52995999999999,1.4374626511090058,25,0.05814554222329313,0.01369559246552505,0.2514201351593535,0.031130236840183945,0.23031160963218947,0.0275708245753999,0.36534055991750897,0.02238549918654603,0.07484764759525528,0.0,0.28553033070888795,0.0,0.15149809765916333,0.0,0.48812392403669347,0.0
