dist_id,ladder,fid_sim_mean,fid_sim_std,tv_sim_mean,tv_sim_std,l2_sim_mean,l2_sim_std,fid_tgt_mean,fid_tgt_std,tv_tgt_mean,tv_tgt_std,l2_tgt_mean,l2_tgt_std,duration_s_mean,duration_s_std,n_runs,exp_000_mean,exp_001_mean,exp_010_mean,exp_011_mean,exp_100_mean,exp_101_mean,exp_110_mean,exp_111_mean,sim_000_mean,sim_001_mean,sim_010_mean,sim_011_mean,sim_100_mean,sim_101_mean,sim_110_mean,sim_111_mean
D0,A,0.9537962497785302,0.013642962163211154,0.16339058549749297,0.029577323006880304,0.14418366834997287,0.022345290535801646,0.9537962497564478,0.013642962149105268,0.16339058554426822,0.029577322979807502,0.14418366838998029,0.02234529051544064,126.08247999999999,0.7382519398326428,25,0.1760136459182565,0.16640076064977552,0.10659794118068026,0.07614738295113901,0.12347680550501142,0.06940607117575098,0.14287960848125306,0.1390777841381332,0.12500000007308623,0.12500000002436207,0.12500000002436207,0.12499999997563785,0.12500000002436207,0.12499999997563792,0.12499999997563792,0.12499999992691378
D0,B,0.9697286741158913,0.013819261022649078,0.13920318400646364,0.03381349382738353,0.12095413535515318,0.026002294120793655,0.9697286741351586,0.013819261019739518,0.1392031839645609,0.03381349381122267,0.12095413530955636,0.026002294118535395,126.10379999999999,2.78480276081928,25,0.125768650258631,0.11509559779237366,0.08021826046514391,0.08352524569698644,0.13742144750042098,0.10629316638375327,0.15305719880297108,0.19862043309971963,0.12500000007308623,0.12500000002436207,0.12500000002436207,0.12499999997563785,0.12500000002436207,0.12499999997563792,0.12499999997563792,0.12499999992691378
D1,A,0.9079874856463954,0.018892707006560018,0.26758144355850194,0.030665403101545842,0.2079830030648681,0.021618251276567076,0.9079874856240547,0.018892707011196677,0.2675814435821863,0.030665403102204655,0.20798300309344564,0.02161825127658034,127.34564,4.2089880402934545,25,0.10389668078379952,0.1703777441198225,0.11978127403303283,0.08158674326344757,0.15441126566813496,0.08006576742116983,0.1717455664339407,0.11813495827665207,0.050000000045292765,0.10000000004029717,0.15000000004191982,0.1999999999699385,0.20000000001053,0.1499999999542136,0.09999999996933852,0.04999999996846967
D1,B,0.9094021732234766,0.01701310557991551,0.2672619686952657,0.023062568780710703,0.2088621554004716,0.01779879141174288,0.9094021732197985,0.017013105584737256,0.26726196871866376,0.023062568780710686,0.20886215541003342,0.01779879141311428,126.8688,3.1369322062592735,25,0.09301524369449429,0.14975977728692527,0.10162902008216039,0.08863681582845945,0.15129873523222964,0.09117346013848675,0.17830298892588484,0.1461839588113594,0.05000000004529276,0.10000000004029715,0.15000000004191988,0.1999999999699385,0.20000000001052992,0.1499999999542136,0.0999999999693385,0.04999999996846965
D2,A,0.9497765483678984,0.017549442040755123,0.13993005263513672,0.02642211755951587,0.12130177240635322,0.020307205192236506,0.9497765483735482,0.01754944203846315,0.13993005264142172,0.02642211752667998,0.1213017724009449,0.020307205161005627,125.78252,1.2233706892570737,25,0.3241888535632451,0.23734518568559657,0.153277393916215,0.052990423807874866,0.06776734080227949,0.037485281162592886,0.07481090595993066,0.05213461510226544,0.3500000000981519,0.24999999998181327,0.1499999999939743,0.09999999996129953,0.06999999999773841,0.039999999985351455,0.029999999988503778,0.009999999993167303
D2,B,0.9567012390741664,0.021830771350633077,0.12733010930452657,0.039457194033154744,0.10693077811237486,0.033098060599993186,0.9567012390864679,0.021830771345431953,0.12733010928578753,0.03945719402001444,0.10693077809963109,0.03309806058548072,126.24807999999999,2.1325634402443128,25,0.3219468110222723,0.20946440945062464,0.13671192745743432,0.07130880223850536,0.08036411862208488,0.04173679311514124,0.08924868477806652,0.049218453315870755,0.35000000009815196,0.2499999999818134,0.14999999999397431,0.0999999999612995,0.06999999999773837,0.039999999985351475,0.02999999998850378,0.009999999993167304
D3,A,0.8586737425705148,0.03891267354091464,0.33499171585797916,0.05617303816057865,0.28907117735158055,0.04591656488130348,0.8586737425235603,0.03891267354320224,0.33499171591280286,0.05617303815672395,0.28907117739777605,0.045916564878530956,123.99495999999999,6.702074196843838,25,0.06973268670350351,0.11839215300321611,0.07159070908876627,0.24270410620351832,0.22318544513843808,0.1261081156472879,0.10331766053821602,0.04496912367705385,0.020000000027880917,0.030000000028356566,0.050000000047777944,0.39999999999343283,0.3999999999446131,0.04999999997965975,0.029999999991129355,0.019999999987149554
D3,B,0.8826516372341174,0.01839322607110953,0.30340800198319107,0.028412980715106475,0.25936310796286394,0.023679489710260362,0.8826516371922224,0.018393226077157338,0.30340800204514506,0.028412980715106482,0.25936310801380696,0.02367948971165182,125.82616,2.52253711039765,25,0.053413333438806554,0.0987826543727472,0.08438760104167295,0.2762551111804651,0.2203368867743898,0.08201746112791546,0.1152588112695344,0.06954814079446851,0.020000000027880934,0.030000000028356552,0.050000000047777896,0.3999999999934329,0.3999999999446131,0.04999999997965967,0.029999999991129355,0.019999999987149564
D4,A,0.8816019045370526,0.04503936143254646,0.2901246922429903,0.05584453139039633,0.24044329084678162,0.04768287507313315,0.8816019044929375,0.0450393614343849,0.2901246922984987,0.055844531395995045,0.24044329089016464,0.0476828750713504,127.765,5.819488436853075,25,0.07991468937477209,0.13912496853733342,0.12329549387747685,0.16582979374159051,0.20059897108034622,0.0961358413086834,0.12062182214385536,0.07447841993594218,0.020000000026403574,0.05000000003835553,0.12000000005766528,0.30999999997502403,0.30999999997812266,0.11999999995458202,0.04999999998288754,0.019999999986959498
D4,B,0.8820570704031124,0.02920212143594542,0.292737874297996,0.040646943847751235,0.24123333085569268,0.03843318054959832,0.8820570703759687,0.029202121440200048,0.29273787432037496,0.04064694383986072,0.24123333088514656,0.03843318054943157,125.93816000000001,0.6341608418479774,25,0.06487724424456039,0.14901976389620075,0.08802728757587264,0.18236812687521362,0.19310413168443052,0.110634708036998,0.13820465927270945,0.07376407841401465,0.020000000026403574,0.05000000003835552,0.12000000005766523,0.309999999975024,0.3099999999781227,0.119999999954582,0.04999999998288753,0.019999999986959487
D5,A,0.951387811430926,0.012412329183712078,0.11543304630906646,0.03127619735575293,0.0958512859725655,0.024212072181119686,0.9513878113937284,0.01241232918456661,0.11543304631032365,0.03127619733380579,0.0958512859741847,0.0242120721647193,127.0318,3.9790338442055657,25,0.18597540986944538,0.3011753807914744,0.04270368811344806,0.20260917221152838,0.021200627975439243,0.07372500669234902,0.11756697224242067,0.05504374210389489,0.21379601706300183,0.3402380203219799,0.002357036980835589,0.2008525773007495,0.004361784199429865,0.03653829733348458,0.11917037256578512,0.08268589423473366
D5,B,0.933623595545797,0.021723776677240507,0.14430935386653854,0.03875669619655488,0.1188934571345647,0.029857864257892518,0.933623595501775,0.021723776678455067,0.14430935386617003,0.03875669618557254,0.11889345714319222,0.029857864242157733,127.76440000000001,5.952677289813943,25,0.18887898499112152,0.2918362652501634,0.03480564237626572,0.22304789772436406,0.038958215547893874,0.08428217586695481,0.09335095137568589,0.04483986686755068,0.21379601706300172,0.3402380203219801,0.0023570369808355906,0.20085257730074954,0.0043617841994298655,0.0365382973334846,0.11917037256578515,0.08268589423473363
D6,A,0.9500055332102519,0.015529657224106498,0.19780670059088176,0.03354329139828562,0.16357581021972656,0.025287993763205653,0.9500055331731722,0.015529657224280338,0.19780670067544256,0.03354329139989059,0.163575810314208,0.02528799376555915,126.57488,3.161758270329973,25,0.10441009380119734,0.04741522948809336,0.10957952809774278,0.08635825334497069,0.14131252726504667,0.09965856358767965,0.3400964294584131,0.07116937495685641,0.051531447553190605,0.023316200042064663,0.16976016903537233,0.11577016167351567,0.09106282630284275,0.06043527135632056,0.4463422968404645,0.04178162719622896
D6,B,0.9787227094187037,0.0074273559232645526,0.10770954425767151,0.01967880022333376,0.09487098908493131,0.0164696502973758,0.9787227094131662,0.007427355919145272,0.1077095443305047,0.01967880021865591,0.09487098910997727,0.016469650292349446,126.50936,3.1469213378581076,25,0.06695233544093754,0.03795098243905156,0.10218871069299006,0.10889850982489818,0.12424182844913786,0.08021258857040539,0.41693942821296626,0.06261561636961317,0.051531447553190585,0.02331620004206466,0.16976016903537225,0.11577016167351559,0.09106282630284278,0.06043527135632056,0.4463422968404646,0.041781627196228965
